note,startTime,endTime
la1,1616941268.0944674,1616941273.5115538
